CHR	POS	BETA	P
10	111955	0.1915635285191947	0.36347125108740413
10	126070	-0.021135198932648067	0.9304774156843924
10	134767	-0.2631257664134563	0.1533302508284472
10	135656	-0.1993220288358904	0.21137428161462485
10	135708	-0.2631257664134563	0.1533302508284472
10	135853	0.042707550057712686	0.895397037583222
10	148325	0.39961135950211024	0.04337610255705169
10	151997	0.5210435993777932	0.0010508538981691465
10	158946	-0.965707993028725	1.967922136959393e-08
10	159076	0.6138350791189859	0.000499624262432951
10	159404	-0.061861770487212114	0.6928908951177497
10	162102	-0.14807775371501294	0.3264554965941779
10	178434	0.02865636344714927	0.9041541823570795
10	188805	0.1187313767365628	0.4424266436948736
10	201183	1.170400963352121	0.0022129137213874168
10	203471	-0.01959129842514387	0.8963576328676125
10	218336	0.005262395432440911	0.9904378620501954
10	230625	0.3436608443845812	0.1455848870380528
10	236452	0.3059952754781386	0.06098983584605181
10	237750	-0.9504193289832221	1.0746335005335418e-08
10	244561	0.02122636187164446	0.9182054773740571
10	252693	-0.01346265555473389	0.9274417940335438
10	255222	0.17298602215677225	0.26599725898267274
10	261795	0.4997865808197627	0.29244614987868656
10	273344	0.2960785373154814	0.06808373629826238
10	279248	0.00015288816015459865	0.9994005906061769
10	286188	0.21234356719139866	0.5829465787784591
10	291134	-0.8704327587848975	1.2023771441536274e-07
10	291999	0.01973382765789562	0.9642648157498867
10	294953	0.02486131590215192	0.9805776741765538
10	297633	0.16501059808716562	0.263103740905508
10	301938	0.25170984745420827	0.4626175480022991
10	307807	-0.14750607369288632	0.5514129119397613
10	308491	0.1467501196858201	0.3158045832466918
10	310225	0.03803502201695892	0.9585294514074807
10	313304	0.22182861120521183	0.1485572909511673
10	313504	-0.36243653584405344	0.0565935014151527
10	317501	0.009067935686673778	0.9503556296428007
10	318677	0.341091209328473	0.017735469081630144
10	320954	-0.4628562215180751	0.04467084412264784
10	323283	0.10655967313690051	0.463640705916421
10	325841	-0.9684519781431886	4.204728071527825e-09
10	326894	0.07566084728334503	0.6421106148490574
10	327832	-0.8023897509113511	4.941985885179211e-07
10	329493	0.18117362196801412	0.22971192371107144
10	331398	-0.3614931494397654	0.1407429257055119
10	338553	-0.3716746338310767	0.13481117314540145
10	353306	-0.4552566181423825	0.005233562803648915
10	353589	0.24675058253442267	0.09976441905998928
10	354301	-0.47127630527801073	0.0033393161131886175
