CHR	SNP	BP	A1	TEST	NMISS	BETA	STAT	P
10	rs17221260	325841	T	ADD	207	-0.5904	-5.864	1.785e-08
10	rs1540992	4044541	T	ADD	207	-0.4522	-5.708	3.967e-08
10	rs7898090	21287267	T	ADD	207	0.497	5.859	1.837e-08
10	rs2047141	31024135	A	ADD	207	-0.4811	-5.677	4.642e-08
10	rs4336984	60942534	G	ADD	207	-0.4612	-5.815	2.299e-08
10	rs7919462	64088654	T	ADD	207	-0.508	-5.787	2.652e-08
10	rs10997963	69921903	A	ADD	207	-0.5007	-5.884	1.613e-08
10	rs4745758	76568257	T	ADD	207	0.4387	5.822	2.221e-08
11	rs10839832	7673388	A	ADD	207	-0.6146	-5.8	2.478e-08
11	rs4758042	8129296	A	ADD	207	-0.4686	-5.875	1.691e-08
11	rs4757818	19538163	A	ADD	207	-0.5641	-5.874	1.701e-08
11	rs1676882	74888262	C	ADD	207	-0.5289	-5.846	1.963e-08
11	rs10501488	80893313	C	ADD	207	-0.5765	-5.676	4.663e-08
11	rs10792837	85905715	A	ADD	207	-0.4126	-5.686	4.432e-08
11	rs2509094	95720908	A	ADD	207	0.4911	5.779	2.768e-08
11	rs10790450	121566963	T	ADD	207	-0.4895	-5.687	4.418e-08
11	rs6590343	128500215	A	ADD	207	-0.5761	-6.089	5.504e-09
12	rs526282	377904	A	ADD	207	-0.4252	-5.682	4.534e-08
12	rs10161491	33623806	T	ADD	207	-0.5101	-5.667	4.883e-08
12	rs7975566	45561534	T	ADD	207	0.6757	5.716	3.818e-08
12	rs739857	47968286	C	ADD	207	-0.5572	-5.861	1.814e-08
12	rs296736	50341707	T	ADD	207	-0.5481	-5.751	3.185e-08
12	rs11113551	108248311	G	ADD	207	-0.7108	-7.015	3.291e-11
12	rs7958945	115947901	A	ADD	207	-0.4772	-5.711	3.916e-08
12	rs1352368	128377729	G	ADD	207	-0.4762	-5.792	2.588e-08
13	rs6563828	40958163	A	ADD	207	0.5153	5.883	1.618e-08
13	rs7139756	99422525	T	ADD	207	0.4865	5.94	1.207e-08
13	rs932785	103866683	T	ADD	207	-0.4353	-5.712	3.893e-08
13	rs7998746	112900131	T	ADD	207	0.4716	5.664	4.959e-08
14	rs11158599	20538394	A	ADD	207	-0.5416	-5.862	1.803e-08
14	rs11156699	32183849	G	ADD	207	-0.4142	-5.722	3.697e-08
14	rs8004280	60780429	A	ADD	207	-0.4438	-5.918	1.348e-08
14	rs2012961	63759190	C	ADD	207	-0.4766	-5.938	1.217e-08
14	rs974700	63872414	A	ADD	207	0.5833	5.7	4.141e-08
14	rs1974669	76032127	T	ADD	207	-0.4516	-5.796	2.53e-08
14	rs10134036	89334166	A	ADD	207	-0.51	-5.852	1.901e-08
15	rs4780153	33972420	G	ADD	207	-0.4697	-5.896	1.513e-08
15	rs480616	34269975	T	ADD	207	0.4049	6.007	8.494e-09
15	rs1023641	39163162	C	ADD	207	0.8027	5.846	1.958e-08
15	rs2467857	45709931	A	ADD	207	0.469	6.04	7.155e-09
15	rs3191402	59429160	A	ADD	207	-0.5267	-6.005	8.601e-09
15	rs2959019	74567025	C	ADD	207	-0.4585	-5.668	4.85e-08
15	rs11630013	78434923	A	ADD	207	-0.7691	-5.773	2.846e-08
15	rs7180682	94945704	G	ADD	207	-0.5869	-5.91	1.412e-08
16	rs13331024	8169564	A	ADD	207	0.7141	5.738	3.404e-08
16	rs1013240	8229813	A	ADD	207	-0.4494	-5.666	4.913e-08
16	rs13335375	16018589	T	ADD	207	0.4288	5.954	1.12e-08
16	rs8047889	18128473	A	ADD	207	0.8651	5.803	2.443e-08
16	rs7203944	54438254	G	ADD	207	0.4293	5.728	3.586e-08
16	rs11863999	77755479	A	ADD	207	0.5904	5.727	3.599e-08
16	rs446684	79222287	G	ADD	207	-0.5835	-5.688	4.391e-08
16	rs3114391	80742727	A	ADD	207	0.4355	5.709	3.94e-08
16	rs12599360	86220090	T	ADD	207	-0.5035	-5.897	1.508e-08
17	rs9907377	3738990	C	ADD	207	-0.457	-5.801	2.475e-08
17	rs12952564	14420485	C	ADD	207	0.4606	5.833	2.098e-08
17	rs967676	49960309	C	ADD	207	-0.5952	-6.171	3.571e-09
17	rs12450049	54596226	A	ADD	207	-0.4619	-5.903	1.462e-08
17	rs12451251	54749558	T	ADD	207	-0.4838	-5.925	1.303e-08
17	rs9908001	62472859	C	ADD	207	0.4309	5.672	4.763e-08
17	rs8064784	65973086	C	ADD	207	0.5591	5.666	4.912e-08
17	rs4790007	77313760	A	ADD	207	-0.5633	-6.147	4.047e-09
18	rs11080994	2897993	C	ADD	207	-0.5893	-6.086	5.614e-09
18	rs6508426	23837774	C	ADD	207	-0.4909	-6.04	7.159e-09
18	rs4939916	47443185	A	ADD	207	-0.5367	-5.674	4.705e-08
18	rs1992411	48000015	T	ADD	207	-0.5059	-5.849	1.934e-08
18	rs12962600	54359580	C	ADD	207	-0.4428	-5.672	4.755e-08
18	rs4377248	61862921	C	ADD	207	0.4364	5.778	2.773e-08
18	rs11662608	62726012	G	ADD	192	-0.5428	-5.954	1.243e-08
18	rs1560557	70172683	C	ADD	207	-0.4631	-5.779	2.766e-08
18	rs8092079	71425393	T	ADD	207	0.4934	5.728	3.581e-08
19	rs498284	14384736	T	ADD	207	-0.5053	-5.67	4.816e-08
19	rs395136	33106742	A	ADD	207	-0.4372	-5.939	1.213e-08
19	rs2965106	45232374	A	ADD	207	-0.4711	-5.845	1.97e-08
19	rs1531517	45242173	A	ADD	207	1.001	8.581	2.328e-15
19	rs62117204	45242967	T	ADD	207	2.105	14.23	2.122e-32
1	rs10159458	11534053	A	ADD	207	-0.5022	-6.194	3.15e-09
1	rs7522616	23794914	G	ADD	207	-0.451	-6.003	8.657e-09
1	rs7540973	24864576	T	ADD	207	0.5573	5.792	2.582e-08
1	rs7516564	68748123	G	ADD	207	-0.518	-5.98	9.806e-09
1	rs9662183	77323124	T	ADD	207	0.4384	5.663	4.992e-08
1	rs11102914	115812379	A	ADD	207	-0.4847	-5.747	3.252e-08
1	rs1057024	158990247	G	ADD	207	0.433	5.861	1.816e-08
1	rs10916366	228894575	T	ADD	207	-0.4872	-6.047	6.894e-09
1	rs12081499	241979706	A	ADD	207	-0.5645	-5.684	4.477e-08
1	rs668977	244493080	G	ADD	207	-0.5332	-5.888	1.582e-08
1	rs4654168	246078476	C	ADD	207	-0.409	-5.682	4.538e-08
1	rs11204592	248279484	A	ADD	207	-0.4552	-5.918	1.353e-08
20	rs4295085	8889613	C	ADD	207	-0.538	-5.717	3.79e-08
20	rs17225393	11763081	G	ADD	207	-0.7154	-5.776	2.811e-08
20	rs8124702	53194196	G	ADD	207	0.4718	5.915	1.371e-08
20	rs6069045	53515863	A	ADD	207	-0.5387	-6.528	5.145e-10
20	rs735050	55989619	A	ADD	207	-0.4609	-5.943	1.189e-08
20	rs911382	58686368	G	ADD	207	0.4301	5.954	1.12e-08
20	rs387098	62154594	A	ADD	207	-0.4164	-5.759	3.063e-08
21	rs9979609	33906744	A	ADD	207	-0.5709	-5.954	1.12e-08
21	rs2410288	42086175	G	ADD	207	-0.5121	-5.679	4.595e-08
21	rs2839501	43805637	C	ADD	207	-0.4577	-5.754	3.139e-08
22	rs136947	27805463	T	ADD	207	-0.4778	-5.752	3.182e-08
22	rs1013603	33652454	C	ADD	207	-0.4503	-5.888	1.58e-08
22	rs1573703	37827711	G	ADD	207	-0.4455	-5.743	3.316e-08
2	rs4404281	3706055	C	ADD	207	-0.4471	-5.891	1.554e-08
2	rs2031011	15548390	C	ADD	207	-0.4627	-5.669	4.826e-08
2	rs13414987	21141832	A	ADD	207	0.4566	5.729	3.57e-08
2	rs6708	33789534	A	ADD	207	-0.4639	-5.692	4.301e-08
2	rs4309564	34175977	C	ADD	207	-0.5422	-6.142	4.164e-09
2	rs6707760	45123765	T	ADD	207	0.4548	6.171	3.577e-09
2	rs10490230	50538327	A	ADD	207	0.5887	5.699	4.159e-08
2	rs12328656	65417643	C	ADD	207	0.521	6.193	3.167e-09
2	rs6730981	70030827	C	ADD	207	-0.4388	-5.684	4.488e-08
2	rs12615396	122110142	T	ADD	207	0.4559	5.715	3.822e-08
2	rs1370229	128699833	T	ADD	207	-0.5013	-5.841	2.007e-08
2	rs4399769	139049380	T	ADD	207	-0.6008	-6.329	1.524e-09
2	rs16843445	140925769	C	ADD	207	0.7411	5.915	1.374e-08
2	rs1037266	142784277	T	ADD	207	-0.5538	-6.445	8.091e-10
2	rs1001644	149587457	A	ADD	207	-0.6223	-5.677	4.65e-08
2	rs886770	159489481	C	ADD	207	0.4728	5.705	4.027e-08
2	rs735436	171441202	G	ADD	207	0.6486	5.895	1.527e-08
2	rs3769184	174019920	G	ADD	207	-0.4699	-5.667	4.887e-08
2	rs1377652	195751653	C	ADD	207	0.4909	6.292	1.865e-09
2	rs13415380	208940023	T	ADD	207	0.5141	5.691	4.316e-08
2	rs2271252	210517915	C	ADD	207	0.4896	5.68	4.561e-08
2	rs1992188	231772436	G	ADD	207	-0.4608	-5.739	3.39e-08
2	rs17862866	234610912	A	ADD	207	-0.5133	-5.673	4.745e-08
3	rs7611703	2774996	T	ADD	207	-0.4585	-5.788	2.646e-08
3	rs6796285	10998663	A	ADD	207	0.5648	6.111	4.921e-09
3	rs13072769	25071616	T	ADD	207	-0.5154	-5.897	1.51e-08
3	rs11716816	41037617	C	ADD	207	-0.5445	-6.166	3.664e-09
3	rs13091545	52377294	G	ADD	207	0.4527	5.781	2.74e-08
3	rs13087596	61052481	A	ADD	207	-0.5147	-5.887	1.583e-08
3	rs782742	66352997	C	ADD	207	-0.5191	-5.719	3.749e-08
3	rs4677046	71846252	T	ADD	207	-0.5501	-5.754	3.143e-08
3	rs4677179	72571732	G	ADD	207	-0.4397	-5.865	1.775e-08
3	rs7621875	82789651	C	ADD	207	0.4397	5.666	4.913e-08
3	rs11127920	86196664	C	ADD	207	-0.5492	-6.06	6.435e-09
3	rs2203885	155362628	G	ADD	207	-0.4887	-5.708	3.969e-08
3	rs358702	155542475	G	ADD	207	-0.5654	-7.188	1.204e-11
3	rs7638569	169212367	T	ADD	207	0.5152	6.025	7.726e-09
3	rs6803187	170241899	G	ADD	207	-0.5039	-5.756	3.106e-08
3	rs1401974	180572731	A	ADD	207	-0.4995	-5.994	9.108e-09
3	rs2718786	180952891	G	ADD	207	-0.5028	-6.343	1.412e-09
3	rs12633691	182433424	T	ADD	207	0.4905	5.775	2.815e-08
3	rs2176825	183634592	G	ADD	207	0.4493	5.834	2.086e-08
3	rs11715619	196334416	G	ADD	207	-0.4318	-5.681	4.539e-08
4	rs3864203	7328416	A	ADD	207	-0.462	-5.995	9.041e-09
4	rs12511839	30625276	A	ADD	207	-0.5266	-6.0	8.822e-09
4	rs4861120	41602145	G	ADD	207	-0.4589	-6.359	1.297e-09
4	rs189353	58646143	T	ADD	207	-0.4856	-6.2	3.052e-09
4	rs4519766	72953320	G	ADD	207	0.8129	5.854	1.877e-08
4	rs10518214	80085942	C	ADD	207	0.4705	5.981	9.726e-09
4	rs991811	100510859	T	ADD	207	-0.446	-5.701	4.115e-08
4	rs2588907	104493370	A	ADD	207	-0.4742	-5.934	1.241e-08
4	rs2389655	119789448	T	ADD	207	-0.5072	-6.337	1.464e-09
4	rs1216363	129570447	G	ADD	207	-0.5802	-6.221	2.734e-09
4	rs13118884	133065532	A	ADD	207	-0.8881	-6.052	6.718e-09
4	rs12509618	148827747	C	ADD	207	-0.4262	-6.138	4.249e-09
4	rs6823540	155197891	T	ADD	207	0.4669	5.683	4.494e-08
4	rs1387993	158535671	G	ADD	207	-0.551	-5.857	1.855e-08
4	rs1902212	159464732	G	ADD	207	-0.4179	-5.712	3.883e-08
4	rs752625	169971917	A	ADD	207	-0.4444	-5.866	1.77e-08
4	rs9994171	172275212	T	ADD	207	-0.4655	-5.805	2.42e-08
5	rs31888	11423628	C	ADD	207	-0.4712	-5.865	1.778e-08
5	rs13157213	31802343	A	ADD	207	-0.5578	-5.74	3.38e-08
5	rs17285954	87068432	T	ADD	207	-0.4954	-5.782	2.725e-08
5	rs1123965	94789177	C	ADD	207	-0.4753	-5.968	1.043e-08
5	rs319635	123617298	T	ADD	207	-0.4439	-5.666	4.895e-08
5	rs261532	138949362	G	ADD	207	-0.4441	-5.886	1.594e-08
5	rs6898776	145202461	T	ADD	207	-0.484	-5.891	1.553e-08
5	rs1363203	167320009	G	ADD	207	-0.5251	-5.781	2.738e-08
5	rs888709	180673228	A	ADD	207	-0.4399	-5.774	2.831e-08
6	rs2012025	1626544	G	ADD	207	-0.4883	-5.839	2.028e-08
6	rs6920337	3073912	A	ADD	207	-0.7848	-5.733	3.496e-08
6	rs2183067	25015681	G	ADD	207	-0.5079	-5.696	4.222e-08
6	rs1165205	25870542	T	ADD	207	-0.5564	-5.995	9.028e-09
6	rs3777744	35356143	G	ADD	207	0.4265	5.79	2.616e-08
6	rs4711689	41692812	G	ADD	207	-0.5664	-5.68	4.569e-08
6	rs2518580	53004757	A	ADD	207	-0.5251	-5.798	2.514e-08
6	rs597443	106769642	T	ADD	207	-0.5993	-6.39	1.098e-09
6	rs2334319	110566328	C	ADD	207	-0.4311	-5.686	4.442e-08
6	rs2327484	134733728	A	ADD	207	-0.4227	-5.781	2.736e-08
6	rs9483742	135049238	G	ADD	207	0.6659	5.858	1.839e-08
6	rs6941329	144536727	T	ADD	207	-0.4792	-5.825	2.181e-08
6	rs362835	146662958	A	ADD	207	-0.4686	-5.991	9.255e-09
6	rs214959	152702821	G	ADD	207	-0.5172	-5.683	4.502e-08
6	rs9372001	156792873	C	ADD	207	0.4718	6.221	2.731e-09
7	rs4724986	7437126	T	ADD	207	0.4426	5.707	3.99e-08
7	rs10281444	11298722	T	ADD	207	0.4716	5.721	3.707e-08
7	rs6972164	14115074	T	ADD	207	-0.4497	-5.877	1.671e-08
7	rs12699918	17969900	A	ADD	207	-0.5808	-6.279	1.996e-09
7	rs17347096	18384157	T	ADD	207	-0.5207	-5.678	4.614e-08
7	rs1557696	18620049	G	ADD	207	-0.5551	-6.257	2.257e-09
7	rs2255365	24561661	A	ADD	207	-0.5552	-6.144	4.118e-09
7	rs1796080	70667371	G	ADD	207	-0.4439	-5.721	3.718e-08
7	rs17142940	70693915	G	ADD	207	0.4631	5.976	9.997e-09
7	rs7787597	78775199	C	ADD	207	-0.4726	-6.282	1.967e-09
7	rs3800787	150713636	C	ADD	207	-0.6313	-5.9	1.482e-08
7	rs13245385	152907497	T	ADD	207	-0.5247	-6.687	2.125e-10
7	rs2710201	152924893	G	ADD	207	0.4499	5.676	4.672e-08
7	rs842454	158577140	A	ADD	207	-0.4612	-6.025	7.729e-09
8	rs12548393	10075373	T	ADD	207	-0.4451	-5.716	3.804e-08
8	rs2040471	18030250	C	ADD	207	0.4928	5.725	3.647e-08
8	rs164664	28521410	G	ADD	207	0.4518	5.827	2.168e-08
8	rs10503901	32085171	T	ADD	207	0.4464	5.702	4.093e-08
8	rs10958709	42028077	A	ADD	207	-0.5881	-5.677	4.646e-08
8	rs11782981	43198953	C	ADD	207	0.4987	5.995	9.035e-09
8	rs9643612	50430756	T	ADD	207	-0.4969	-6.115	4.818e-09
8	rs3735833	54628736	C	ADD	207	-0.6735	-5.858	1.846e-08
9	rs10756003	1021801	T	ADD	207	-0.6682	-5.707	3.995e-08
9	rs2770714	7255047	T	ADD	207	0.4666	5.871	1.721e-08
9	rs7863447	14155418	A	ADD	207	-0.4053	-5.701	4.113e-08
9	rs10813322	30619132	A	ADD	207	0.4435	5.813	2.328e-08
9	rs487240	122036135	G	ADD	207	-0.503	-5.71	3.92e-08
9	rs10760193	124605896	T	ADD	207	-0.4977	-5.665	4.941e-08
9	rs4379516	124622109	C	ADD	207	0.5055	5.706	4.018e-08
9	rs17292683	129316990	T	ADD	207	-0.5199	-5.694	4.262e-08
9	rs507666	136149399	A	ADD	207	-0.9908	-7.7	5.676e-13
9	rs7341858	137516625	T	ADD	207	-0.4526	-5.905	1.449e-08
9	rs3125787	140632837	G	ADD	207	0.5131	6.444	8.171e-10
